,category,total_items_in_category,best_seller_product,total_visits,price,currency,sold,creation_date,country,state,brand,average_product_rating,seller_id
0,Accesorios para Vehículos,0,not found,0.0,0.0,not found,0.0,00-00-0000,Cuba,not found,not found,0.0,not found
1,Arte y Antigüedades,0,not found,0.0,0.0,not found,0.0,00-00-0000,Cuba,not found,not found,0.0,not found
2,"Autos, Motos y Otros",0,not found,0.0,0.0,not found,0.0,00-00-0000,Cuba,not found,not found,0.0,not found
3,Cámaras Digitales y Foto,0,not found,0.0,0.0,not found,0.0,00-00-0000,Cuba,not found,not found,0.0,not found
4,Celulares y Teléfonos,0,not found,0.0,0.0,not found,0.0,00-00-0000,Cuba,not found,not found,0.0,not found
5,Coleccionables y Hobbies,0,not found,0.0,0.0,not found,0.0,00-00-0000,Cuba,not found,not found,0.0,not found
6,Computación,0,not found,0.0,0.0,not found,0.0,00-00-0000,Cuba,not found,not found,0.0,not found
7,Consolas y Videojuegos,0,not found,0.0,0.0,not found,0.0,00-00-0000,Cuba,not found,not found,0.0,not found
8,Deportes y Fitness,0,not found,0.0,0.0,not found,0.0,00-00-0000,Cuba,not found,not found,0.0,not found
9,"Electrónica, Audio y Video",0,not found,0.0,0.0,not found,0.0,00-00-0000,Cuba,not found,not found,0.0,not found
10,Hogar y Electrodomésticos,0,not found,0.0,0.0,not found,0.0,00-00-0000,Cuba,not found,not found,0.0,not found
11,Indumentaria y Accesorios,0,not found,0.0,0.0,not found,0.0,00-00-0000,Cuba,not found,not found,0.0,not found
12,Inmuebles,0,not found,0.0,0.0,not found,0.0,00-00-0000,Cuba,not found,not found,0.0,not found
13,Instrumentos Musicales,0,not found,0.0,0.0,not found,0.0,00-00-0000,Cuba,not found,not found,0.0,not found
14,Joyas y Relojes,0,not found,0.0,0.0,not found,0.0,00-00-0000,Cuba,not found,not found,0.0,not found
15,Juegos y Juguetes,0,not found,0.0,0.0,not found,0.0,00-00-0000,Cuba,not found,not found,0.0,not found
16,"Libros, Revistas y Comics",0,not found,0.0,0.0,not found,0.0,00-00-0000,Cuba,not found,not found,0.0,not found
17,Música y Películas,0,not found,0.0,0.0,not found,0.0,00-00-0000,Cuba,not found,not found,0.0,not found
18,Servicios,0,not found,0.0,0.0,not found,0.0,00-00-0000,Cuba,not found,not found,0.0,not found
19,Otras categorías,0,not found,0.0,0.0,not found,0.0,00-00-0000,Cuba,not found,not found,0.0,not found
20,Acessórios para Veículos,104021713,Som automotivo Multilaser Trip P3350 com USB e bluetooth,0.0,93.5,BRL,72457.0,20-04-2020,Brasil,Santa Catarina,Multilaser,4.4,1024303377
21,Agro,151978,Saco Para Silagem Pacote Com 100 Unidades + 100 Abraçadeiras,24147.0,158.55,BRL,750.0,30-01-2022,Brasil,São Paulo,Gobi Brasil,4.4,224000291
22,Alimentos e Bebidas,1225622,Manicrem Pasta De Amendoim Integral 100% Amendoim - 1kg,214415.0,13.76,BRL,10000.0,12-05-2020,Brasil,São Paulo,MANICREM,4.4,566975496
23,Animais,2139068,"Bravecto Antipulgas De 4,5 A 10kg - Full",214746.0,152.57,BRL,5000.0,14-02-2020,Brasil,Minas Gerais,0,4.7,14838037
24,Antiguidades e Coleções,1236480,"Bandeira Do Brasil Oficial Dupla Face (1,50 X 0,90)",50989.0,39.9,BRL,5000.0,02-02-2021,Brasil,São Paulo,Brasil,4.0,653305084
25,"Arte, Papelaria e Armarinho",2934764,"Fita Dupla Face Profissional Extra Forte - 9,0mm X 3m",523335.0,16.97,BRL,5000.0,07-09-2016,Brasil,São Paulo,Dupla face,4.2,193392276
26,Bebês,1873546,Lenço Umedecido Mamypoko C/200,23862.0,21.0,BRL,5000.0,21-12-2021,Brasil,São Paulo,MamyPoko,0.0,736159205
27,Beleza e Cuidado Pessoal,5721200,Máquina Perfect Barber Profissional Dragão Acabamento Barba,465952.0,90.91,BRL,5000.0,28-06-2021,Brasil,São Paulo,Não,4.1,402955888
28,Brinquedos e Hobbies,3712639,Bicicleta  infantil Nathor Flower aro 12 freio tambor cor rosa com rodas de treinamento,0.0,199.9,BRL,22021.0,27-11-2018,Brasil,Paraná,Nathor,4.7,747517872
29,"Calçados, Roupas e Bolsas",11116945,Kit 3 Calça Jeans Skinny Masculina Com Lycra Estica Muito Nf,988310.0,164.77,BRL,17000.0,21-10-2021,Brasil,São Paulo,MultiMarcas,4.4,794195725
30,Câmeras e Acessórios,880722,Cartão de memória SanDisk SDSQUNS-064G-GN3MA  Ultra com adaptador SD 64GB,0.0,32.1,BRL,181642.0,17-01-2018,Brasil,São Paulo,SanDisk,4.9,614625558
31,"Carros, Motos e Outros",311734,not found,0.0,0.0,not found,0.0,00-00-0000,Brasil,not found,not found,0.0,not found
32,"Casa, Móveis e Decoração",25129103,"Tapete 2,00x1,50 Costa Oro Shaggy Mega Promoção Peludo",2719326.0,90.9,BRL,21011.0,03-03-2021,Brasil,São Paulo,Costa Oro,4.1,721373567
33,Celulares e Telefones,3390980,Fone de ouvido in-ear sem fio QCY T1C preto,0.0,117.0,BRL,228146.0,12-12-2019,Brasil,São Paulo,QCY,0.0,372757449
34,Construção,3556421,Chuveiro Ducha Lorenzetti Loren Shower Eletrônico Original,140858.0,108.9,BRL,5500.0,18-08-2021,Brasil,São Paulo,Lorenzetti,4.7,741345142
35,Eletrodomésticos,2161648,Liquidificador portátil Mondial Turbo Power L-99 2.2 L preto com jarra de san 127V,0.0,119.99,BRL,101893.0,07-04-2020,Brasil,São Paulo,Mondial,4.8,130090710
36,"Eletrônicos, Áudio e Vídeo",4122894,Fone de ouvido in-ear sem fio QCY T1C preto,0.0,117.0,BRL,228146.0,12-12-2019,Brasil,São Paulo,QCY,0.0,372757449
37,Esportes e Fitness,4938284,Kit 2x Whey Protein + 2x Bcaa + 2x Creatina + Coqueteleira,2666649.0,149.99,BRL,15000.0,26-11-2019,Brasil,São Paulo,"Proteina,Ganho de Massa Magra,Recuperação Muscular,Energia",3.6,259428092
38,Ferramentas,3936011,Jogo De Ferramentas Kit 129 Peças C/ Maleta + 40 Peças,11580875.0,134.0,BRL,50000.0,08-05-2019,Brasil,São Paulo,Sparta,4.5,116155669
39,Festas e Lembrancinhas,2417564,Bexiga Balão Liso 9 Polegadas 50 Unidades,75140.0,19.7,BRL,7950.0,05-08-2021,Brasil,São Paulo,Redondo,4.6,298303751
40,Games,647447,Disco sólido interno Kingston SA400S37/240G 240GB preto,0.0,164.89,BRL,113116.0,05-04-2022,Brasil,São Paulo,Kingston,4.9,179165464
41,Imóveis,3167088,not found,0.0,0.0,not found,0.0,00-00-0000,Brasil,not found,not found,0.0,not found
42,Indústria e Comércio,2243728,Maquina Mercadopago Point Pro 2,1498056.0,90.0,BRL,50000.0,25-01-2021,Brasil,Rio de Janeiro,MERCADO PAGO,4.4,72087730
43,Informática,5172221,Disco sólido interno Kingston SA400S37/240G 240GB preto,0.0,164.89,BRL,113116.0,05-04-2022,Brasil,São Paulo,Kingston,4.9,179165464
44,Ingressos,3416,800 Folha Papel Manteiga Forrar Caixa Pizza N.35 Octogonal,39363.0,159.99,BRL,500.0,01-08-2018,Brasil,São Paulo,Pizza,5.0,51869795
45,Instrumentos Musicais,1082581,Alto-falante Mondial CM-400 portátil com bluetooth preto e vermelho 110V/220V ,0.0,598.0,BRL,14229.0,08-07-2021,Brasil,São Paulo,Mondial,0.0,320099593
46,Joias e Relógios,2957311,"Xiaomi Mi Smart Band 5 1.1"" caixa de  plástico pc  black, pulseira  black de  elastômero termoplástico e liga de alumínio XMSH10HM",0.0,162.0,BRL,126749.0,29-07-2020,Brasil,Paraná,Xiaomi,5.0,458103395
47,"Livros, Revistas e Comics",8516614,Bíblia Evangélica Feminina / Masculina Letra Grande E Harpa,236960.0,34.9,BRL,5500.0,03-08-2015,Brasil,Rio de Janeiro,Papel,4.5,43316870
48,"Música, Filmes e Seriados",2859734,Tubo Ressonância Lax Vox Exercícios Vocal Silicone 35cm C/nf,3219.0,27.87,BRL,455.0,17-12-2021,Brasil,São Paulo,Tubo,0.0,654788911
49,Saúde,1965666,Kit 200 Máscara Caixa Descartável Tripla C/ Filtro Meltblown,2903883.0,39.92,BRL,74680.0,16-10-2020,Brasil,São Paulo,Adultos,4.4,583044314
50,Serviços,15996,not found,0.0,0.0,not found,0.0,00-00-0000,Brasil,not found,not found,0.0,not found
51,Mais Categorias,1859718,Incenso Nirvana Natural De Longa Duração Escolha Seu Aroma,69300.0,16.82,BRL,7480.0,20-05-2021,Brasil,São Paulo,Presente Dia dos Pais Aromaterapia Purificar Energia,4.2,154616245
52,Accesorios para Vehículos,29000,not found,0.0,0.0,not found,0.0,00-00-0000,Ecuador,not found,not found,0.0,not found
53,Agro,3189,not found,0.0,0.0,not found,0.0,00-00-0000,Ecuador,not found,not found,0.0,not found
54,Alimentos y Bebidas,2856,not found,0.0,0.0,not found,0.0,00-00-0000,Ecuador,not found,not found,0.0,not found
55,Animales y Mascotas,4818,not found,0.0,0.0,not found,0.0,00-00-0000,Ecuador,not found,not found,0.0,not found
56,Arte y Antigüedades,4555,not found,0.0,0.0,not found,0.0,00-00-0000,Ecuador,not found,not found,0.0,not found
57,"Autos, Motos y Otros",1253,not found,0.0,0.0,not found,0.0,00-00-0000,Ecuador,not found,not found,0.0,not found
58,Bebés,2233,not found,0.0,0.0,not found,0.0,00-00-0000,Ecuador,not found,not found,0.0,not found
59,Belleza y Cuidado Personal,15265,not found,0.0,0.0,not found,0.0,00-00-0000,Ecuador,not found,not found,0.0,not found
60,Cámaras y Accesorios,3270,not found,0.0,0.0,not found,0.0,00-00-0000,Ecuador,not found,not found,0.0,not found
61,Celulares y Telefonía,36143,not found,0.0,0.0,not found,0.0,00-00-0000,Ecuador,not found,not found,0.0,not found
62,Coleccionables,1414,not found,0.0,0.0,not found,0.0,00-00-0000,Ecuador,not found,not found,0.0,not found
63,Computación,95425,not found,0.0,0.0,not found,0.0,00-00-0000,Ecuador,not found,not found,0.0,not found
64,Consolas y Videojuegos,5058,not found,0.0,0.0,not found,0.0,00-00-0000,Ecuador,not found,not found,0.0,not found
65,Construcción,2829,not found,0.0,0.0,not found,0.0,00-00-0000,Ecuador,not found,not found,0.0,not found
66,Deportes y Fitness,9868,not found,0.0,0.0,not found,0.0,00-00-0000,Ecuador,not found,not found,0.0,not found
67,"Electrónica, Audio y Video",23967,not found,0.0,0.0,not found,0.0,00-00-0000,Ecuador,not found,not found,0.0,not found
68,Herramientas,11079,not found,0.0,0.0,not found,0.0,00-00-0000,Ecuador,not found,not found,0.0,not found
69,Hogar y Muebles,34284,not found,0.0,0.0,not found,0.0,00-00-0000,Ecuador,not found,not found,0.0,not found
70,Industrias y Oficinas,9043,not found,0.0,0.0,not found,0.0,00-00-0000,Ecuador,not found,not found,0.0,not found
71,Inmuebles,1813,not found,0.0,0.0,not found,0.0,00-00-0000,Ecuador,not found,not found,0.0,not found
72,Instrumentos Musicales,3258,not found,0.0,0.0,not found,0.0,00-00-0000,Ecuador,not found,not found,0.0,not found
73,Joyas y Relojes,4538,not found,0.0,0.0,not found,0.0,00-00-0000,Ecuador,not found,not found,0.0,not found
74,Juegos y Juguetes,11487,not found,0.0,0.0,not found,0.0,00-00-0000,Ecuador,not found,not found,0.0,not found
75,"Música, Libros y Películas",6557,not found,0.0,0.0,not found,0.0,00-00-0000,Ecuador,not found,not found,0.0,not found
76,"Recuerdos, Cotillón y Fiestas",1115,not found,0.0,0.0,not found,0.0,00-00-0000,Ecuador,not found,not found,0.0,not found
77,Ropa y Accesorios,13155,not found,0.0,0.0,not found,0.0,00-00-0000,Ecuador,not found,not found,0.0,not found
78,Salud y Equipamiento Médico,13874,not found,0.0,0.0,not found,0.0,00-00-0000,Ecuador,not found,not found,0.0,not found
79,Servicios,959,not found,0.0,0.0,not found,0.0,00-00-0000,Ecuador,not found,not found,0.0,not found
80,Otras categorías,9283,not found,0.0,0.0,not found,0.0,00-00-0000,Ecuador,not found,not found,0.0,not found
81,Accesorios para Vehículos,147,not found,0.0,0.0,not found,0.0,00-00-0000,Paraguay,not found,not found,0.0,not found
82,Agro,3,not found,0.0,0.0,not found,0.0,00-00-0000,Paraguay,not found,not found,0.0,not found
83,Arte y Antigüedades,33,not found,0.0,0.0,not found,0.0,00-00-0000,Paraguay,not found,not found,0.0,not found
84,"Autos, Motos y Otros",224,not found,0.0,0.0,not found,0.0,00-00-0000,Paraguay,not found,not found,0.0,not found
85,Cámaras Digitales y Foto.,166,not found,0.0,0.0,not found,0.0,00-00-0000,Paraguay,not found,not found,0.0,not found
86,Celulares y Teléfonos,761,not found,0.0,0.0,not found,0.0,00-00-0000,Paraguay,not found,not found,0.0,not found
87,Coleccionables y Hobbies,2,not found,0.0,0.0,not found,0.0,00-00-0000,Paraguay,not found,not found,0.0,not found
88,Computación,812,not found,0.0,0.0,not found,0.0,00-00-0000,Paraguay,not found,not found,0.0,not found
89,Consolas y Videojuegos,188,not found,0.0,0.0,not found,0.0,00-00-0000,Paraguay,not found,not found,0.0,not found
90,Deportes y Fitness,284,not found,0.0,0.0,not found,0.0,00-00-0000,Paraguay,not found,not found,0.0,not found
91,"Electrónica, Audio y Video",479,not found,0.0,0.0,not found,0.0,00-00-0000,Paraguay,not found,not found,0.0,not found
92,Hogar y Electrodomésticos,287,not found,0.0,0.0,not found,0.0,00-00-0000,Paraguay,not found,not found,0.0,not found
93,Indumentaria y Accesorios,460,not found,0.0,0.0,not found,0.0,00-00-0000,Paraguay,not found,not found,0.0,not found
94,Inmuebles,627,not found,0.0,0.0,not found,0.0,00-00-0000,Paraguay,not found,not found,0.0,not found
95,Instrumentos Musicales,375,not found,0.0,0.0,not found,0.0,00-00-0000,Paraguay,not found,not found,0.0,not found
96,Joyas y Relojes,17,not found,0.0,0.0,not found,0.0,00-00-0000,Paraguay,not found,not found,0.0,not found
97,Juegos y Juguetes,29,not found,0.0,0.0,not found,0.0,00-00-0000,Paraguay,not found,not found,0.0,not found
98,"Libros, Revistas y Comics",108,not found,0.0,0.0,not found,0.0,00-00-0000,Paraguay,not found,not found,0.0,not found
99,Música y Películas,4,not found,0.0,0.0,not found,0.0,00-00-0000,Paraguay,not found,not found,0.0,not found
100,Servicios,235,not found,0.0,0.0,not found,0.0,00-00-0000,Paraguay,not found,not found,0.0,not found
101,Otras categorías,652,not found,0.0,0.0,not found,0.0,00-00-0000,Paraguay,not found,not found,0.0,not found
102,Accesorios para Vehículos,3,not found,0.0,0.0,not found,0.0,00-00-0000,El Salvador,not found,not found,0.0,not found
103,Agro,2,not found,0.0,0.0,not found,0.0,00-00-0000,El Salvador,not found,not found,0.0,not found
104,Arte y Antigüedades,45,not found,0.0,0.0,not found,0.0,00-00-0000,El Salvador,not found,not found,0.0,not found
105,"Autos, Motos y Otros",50,not found,0.0,0.0,not found,0.0,00-00-0000,El Salvador,not found,not found,0.0,not found
106,Cámaras Digitales y Foto.,6,not found,0.0,0.0,not found,0.0,00-00-0000,El Salvador,not found,not found,0.0,not found
107,Celulares y Teléfonos,133,not found,0.0,0.0,not found,0.0,00-00-0000,El Salvador,not found,not found,0.0,not found
108,Coleccionables y Hobbies,2,not found,0.0,0.0,not found,0.0,00-00-0000,El Salvador,not found,not found,0.0,not found
109,Computación,49,not found,0.0,0.0,not found,0.0,00-00-0000,El Salvador,not found,not found,0.0,not found
110,Consolas y Videojuegos,18,not found,0.0,0.0,not found,0.0,00-00-0000,El Salvador,not found,not found,0.0,not found
111,Deportes y Fitness,3,not found,0.0,0.0,not found,0.0,00-00-0000,El Salvador,not found,not found,0.0,not found
112,"Electrónica, Audio y Video",9,not found,0.0,0.0,not found,0.0,00-00-0000,El Salvador,not found,not found,0.0,not found
113,Hogar y Electrodomésticos,11,not found,0.0,0.0,not found,0.0,00-00-0000,El Salvador,not found,not found,0.0,not found
114,Indumentaria y Accesorios,1,not found,0.0,0.0,not found,0.0,00-00-0000,El Salvador,not found,not found,0.0,not found
115,Inmuebles,237,not found,0.0,0.0,not found,0.0,00-00-0000,El Salvador,not found,not found,0.0,not found
116,Instrumentos Musicales,2,not found,0.0,0.0,not found,0.0,00-00-0000,El Salvador,not found,not found,0.0,not found
117,Joyas y Relojes,2,not found,0.0,0.0,not found,0.0,00-00-0000,El Salvador,not found,not found,0.0,not found
118,Juegos y Juguetes,13,not found,0.0,0.0,not found,0.0,00-00-0000,El Salvador,not found,not found,0.0,not found
119,"Libros, Revistas y Comics",2,not found,0.0,0.0,not found,0.0,00-00-0000,El Salvador,not found,not found,0.0,not found
120,Música y Películas,2,not found,0.0,0.0,not found,0.0,00-00-0000,El Salvador,not found,not found,0.0,not found
121,Servicios,285,not found,0.0,0.0,not found,0.0,00-00-0000,El Salvador,not found,not found,0.0,not found
122,Otras categorías,60,not found,0.0,0.0,not found,0.0,00-00-0000,El Salvador,not found,not found,0.0,not found
123,Accesorios para Vehículos,2561135,Impermeable Siliconado Para Motociclista,83437.0,55385.0,COP,1977.0,27-10-2021,Colombia,Bogotá D.C.,puppys y shop,4.3,498209073
124,Agro,9163,"Leonardita, Acondicionador De Suelos",11792.0,72000.0,COP,250.0,15-05-2020,Colombia,Boyaca,Diatomeas Colombia,4.7,138038335
125,Alimentos y Bebidas,166913,Grageas Asquerosas Harry Potter,18012.0,14900.0,COP,500.0,04-10-2021,Colombia,Cundinamarca,Bean Bozzled,0.0,705081417
126,Animales y Mascotas,854477,Fuente De Agua Para Gatos Bebedero Mascotas ,8196.0,98400.0,COP,250.0,06-11-2021,Colombia,Bogotá D.C.,catie,4.8,692301641
127,Antigüedades y Colecciones,137540,Bandera Colombia Nacional 1mtr X1.5mt Exterior Grande,2559.0,24990.0,COP,200.0,02-08-2021,Colombia,Bogotá D.C.,Colombia,4.0,193264204
128,"Arte, Papelería y Mercería",1186450,Calculadora Casio Fx570 Es Plus 2 Generación,12207.0,99900.0,COP,500.0,07-02-2021,Colombia,Bogotá D.C.,RCA502107-001V01,5.0,108866681
129,Bebés,909692,Doble Extractor Leche Materna Eléctrico Real Bubee 2019,153943.0,76000.0,COP,500.0,13-12-2018,Colombia,Valle Del Cauca,Real Bubee,4.6,48335556
130,Belleza y Cuidado Personal,2610914,Máquina recortadora VGR V-228 dorada 100V/240V,0.0,57970.0,COP,2534.0,28-10-2021,Colombia,Bogotá D.C.,VGR,4.8,66208468
131,Boletas para Espectáculos,1008,Manillas Seguridad Papel Tyvek Eventos ( 1.000 Impresas ),2947.0,120000.0,COP,250.0,20-01-2021,Colombia,Bogotá D.C.,Manillas tyvek de seguridad entrada,4.8,166137471
132,Cámaras y Accesorios,451321,Aro De Luz 26 Cm Con Trípode Profesional 2 Metros De Altura,246115.0,41500.0,COP,5000.0,19-08-2020,Colombia,Bogotá D.C.,26,4.6,626158207
133,"Carros, Motos y Otros",45007,not found,0.0,0.0,not found,0.0,00-00-0000,Colombia,not found,not found,0.0,not found
134,Celulares y Teléfonos,1089239,Audífonos in-ear inalámbricos F9-5 negro,0.0,38350.0,COP,10673.0,05-11-2020,Colombia,Valle Del Cauca,Genérica,4.4,1066063779
135,Computación,910182,Disco sólido SSD interno Kingston SA400S37/240G 240GB negro,0.0,120000.0,COP,6603.0,05-04-2022,Colombia,Antioquia,Kingston,4.9,603582371
136,Consolas y Videojuegos,248479,Audífonos gamer Redragon Ares negro y rojo,0.0,46000.0,COP,4488.0,01-09-2020,Colombia,Bogotá D.C.,Redragon,4.9,178562922
137,Construcción,322796,Sonoff! Modulo Inteligente Y Controlador De Luces Y Tomas,191052.0,34900.0,COP,5000.0,26-06-2020,Colombia,Bogotá D.C.,Sonoff,4.8,213078376
138,Deportes y Fitness,1746323,Kit De Pesas Ejercicio Mancuernas Juego De Pesas Termoforrad,236263.0,169900.0,COP,500.0,08-03-2021,Colombia,Cundinamarca,Home Sale,4.3,118807519
139,Electrodomésticos,503411,"Ventilador Samurai Turbo Silence Maxx 3 en 1 turbo blanco con 6 aspas color  gris de  plástico, 18"" de diámetro 110 V",0.0,179900.0,COP,1230.0,16-05-2022,Colombia,Antioquia,Samurai,4.5,348553437
140,"Electrónica, Audio y Video",1061137,Google Chromecast 3.ª generación Full HD carbón,0.0,132900.0,COP,18639.0,27-01-2019,Colombia,Cundinamarca,Google,4.9,478332182
141,Herramientas,1350391,Hidrolavadora Black+Decker PW1450TD naranja/negro con 1512psi de presión máxima 127V,0.0,303800.0,COP,1716.0,29-09-2021,Colombia,Bogotá D.C.,Black+Decker,4.7,205607103
142,Hogar y Muebles,6144537,Dispensador Automático De Agua Para Botellón Recargable,312325.0,19900.0,COP,650.0,03-10-2019,Colombia,Bogotá D.C.,Generic,4.4,61678362
143,Industrias y Oficinas,424374,Tapabocas Kn95 Bolsa Individual - Unidad a $962,39588.0,19249.0,COP,1973.0,15-09-2021,Colombia,Bogotá D.C.,Adultos,4.9,523565962
144,Inmuebles,183661,not found,0.0,0.0,not found,0.0,00-00-0000,Colombia,not found,not found,0.0,not found
145,Instrumentos Musicales,343294,Guitarra Acústica+forro +método+pick De Rasgueo+envío Gratis,335566.0,145000.0,COP,500.0,12-05-2020,Colombia,Santander,No,4.8,528743523
146,Juegos y Juguetes,2815428,Cactus Bailarín Canta Y Imita La Voz Peluche Luces Niños,13848.0,38900.0,COP,5.0,19-10-2021,Colombia,Bogotá D.C.,Cactus,4.6,418664651
147,"Libros, Revistas y Comics",2218432,Uno Siempre Cambia El Amor De Su Vida - Amalia Andrade/nuevo,6220.0,15000.0,COP,200.0,13-04-2022,Colombia,Bogotá D.C.,No,0.0,540612729
148,"Música, Películas y Series",147646,Álbum Bts Proof Compact Edition 2022 Original + Póster Kpop,1258.0,167998.0,COP,5.0,21-06-2022,Colombia,Bogotá D.C.,1,0.0,263065566
149,"Recuerdos, Piñatería y Fiestas",700179,Inflador De Globos Electrico 600 Watts Doble Boquilla,118689.0,70000.0,COP,500.0,02-03-2018,Colombia,Bogotá D.C.,Picos adaptadores,4.7,60805616
150,Relojes y Joyas,1216696,Pulso Manilla Repuesto Original Xiaomi Mi Band 5 / 6,2582.0,4990.0,COP,295.0,29-11-2021,Colombia,Antioquia,Goma,4.0,263751079
151,Ropa y Accesorios,3110400,Crocs Literide Clog Hombre Y Dama,47992.0,72123.0,COP,1165.0,01-03-2022,Colombia,Valle Del Cauca,Adultos,4.8,534798942
152,Salud y Equipamiento Médico,567321,Tensiómetro Digital Brazo Presión Arteri Función Voz+estuche,64198.0,79900.0,COP,5000.0,20-01-2021,Colombia,Bogotá D.C.,De brazo,4.7,208307959
153,Servicios,2879,not found,0.0,0.0,not found,0.0,00-00-0000,Colombia,not found,not found,0.0,not found
154,Otras categorías,415989,Kit Tatuaje Tatuar Tattoo 2 Maquinas Profesionales,127708.0,279900.0,COP,500.0,21-01-2020,Colombia,Risaralda,3 días,4.9,284385084
155,Accesorios para Vehículos,7727903,Servicio De Envío Express De Telepase Mercado Pago,1114836.0,200.0,ARS,50000.0,27-11-2020,Argentina,Buenos Aires,Telepase,4.2,679055037
156,Agro,13853,Hilo Electroplastico 6 Hilos Acero 500m Alambrados Boyeros,30463.0,3299.0,ARS,500.0,16-10-2020,Argentina,Santa Fe,Electroplast,4.7,231646489
157,Alimentos y Bebidas,380653,Café au lait en cápsula Nescafé Dolce Gusto 16 u,0.0,899.0,ARS,94367.0,15-10-2020,Argentina,Buenos Aires,Nescafé Dolce Gusto,4.9,382204482
158,Animales y Mascotas,209499,Alimento Excellent Adult para gato adulto sabor pollo y arroz en bolsa de 7.5 kg,0.0,6500.0,ARS,33618.0,06-12-2017,Argentina,Buenos Aires,Purina,4.8,727704382
159,Antigüedades y Colecciones,506165,Cafetera Atma Desayuno CA8143 semi automática negra de filtro 220V,0.0,6649.0,ARS,6384.0,02-10-2019,Argentina,Capital Federal,Atma,4.6,4641264
160,"Arte, Librería y Mercería",488523,Kit 10 Resmas Pampa A4 70 G Papel Blanco Caja X10 U,18295.0,9400.0,ARS,500.0,14-02-2022,Argentina,Capital Federal,Pampa,4.9,214988544
161,"Autos, Motos y Otros",181190,not found,0.0,0.0,not found,0.0,00-00-0000,Argentina,not found,not found,0.0,not found
162,Bebés,250253,Pañales Pampers Premium Care  XXG 54 u,0.0,2970.0,ARS,94051.0,15-10-2020,Argentina,Buenos Aires,Pampers,4.9,91560641
163,Belleza y Cuidado Personal,589870,Sérum L'oréal Paris Revitalift Ácido Hialurónico X 30ml,402522.0,2185.0,ARS,5000.0,29-09-2021,Argentina,Buenos Aires,1,4.6,608885756
164,Cámaras y Accesorios,77567,Tarjeta de memoria Kingston SDCS2SP  Canvas Select Plus con adaptador SD 128GB,0.0,3324.0,ARS,20542.0,20-07-2020,Argentina,Buenos Aires,Kingston,4.6,91046830
165,Celulares y Teléfonos,415734,Auriculares in-ear inalámbricos F9 negro,0.0,2175.0,ARS,25587.0,07-12-2021,Argentina,Capital Federal,Genérica,0.0,157391331
166,Computación,707238,Disco sólido interno Kingston SA400S37/240G 240GB negro,0.0,5339.0,ARS,59708.0,05-04-2022,Argentina,Buenos Aires,Kingston,4.8,210728070
167,Consolas y Videojuegos,103626,Joystick inalámbrico Sony PlayStation Dualshock 4 jet black,0.0,10875.0,ARS,47196.0,02-08-2018,Argentina,Capital Federal,Sony,4.6,1157343463
168,Construcción,704958,Bomba Presurizadora De Agua Elevadora Presion 9 Metros 220v,452791.0,8855.18,ARS,5150.0,16-11-2018,Argentina,Capital Federal,Femmto,4.6,113746522
169,Deportes y Fitness,739437,"Xiaomi Mi Smart Band 6 1.56"" caja de  plástico pc  black, malla  black de  tpu y aleación de aluminio XMSH15HM",0.0,7820.0,ARS,114612.0,13-04-2021,Argentina,Buenos Aires,Xiaomi,4.7,44994779
170,Electrodomésticos y Aires Ac.,336549,Pava eléctrica Liliana AP975 Tempomate negra 220V - 240V 1.7L,0.0,6890.0,ARS,16099.0,19-02-2018,Argentina,Buenos Aires,Liliana,4.6,3135574
171,"Electrónica, Audio y Video",520242,Auriculares in-ear gamer inalámbricos Xiaomi Redmi AirDots 2 negro,0.0,3650.0,ARS,241502.0,05-10-2020,Argentina,Capital Federal,Chongqing Qianxing Technology,4.6,1148954315
172,Entradas para Eventos,2908,"Bono Contribución - Expedición Sonrisa Los Hornos, La Plata",1217.0,400.0,ARS,250.0,24-06-2021,Argentina,Buenos Aires,Bono contribución - Expedición Sonrisa Los Hornos - La Plata,0.0,259551928
173,Herramientas,495640,Amoladora angular Black+Decker G720N naranja 820 W 220 V Llaves,0.0,8299.0,ARS,57630.0,03-08-2015,Argentina,Córdoba,Black+Decker,4.7,493091840
174,"Hogar, Muebles y Jardín",2522639,"Tira Luces Led 5050 Rgb, Kit Completo,control Y Fuente",1232150.0,2510.07,ARS,50000.0,18-03-2021,Argentina,Capital Federal,RGB,4.4,415105106
175,Industrias y Oficinas,348090,Kit Mercado Pago Point Mini + Qr,1235620.0,499.0,ARS,5000.0,23-07-2021,Argentina,Capital Federal,Mercado Pago,4.3,228415881
176,Inmuebles,670991,not found,0.0,0.0,not found,0.0,00-00-0000,Argentina,not found,not found,0.0,not found
177,Instrumentos Musicales,239581,Guitarra Criolla Clasica Nuevas Calidad Con Funda Pua Manual,702318.0,12349.05,ARS,2000.0,23-12-2017,Argentina,Capital Federal,Guitarra Criolla,4.5,113746522
178,Joyas y Relojes,337548,"Smartwatch Microwear W26 1.75"" caja de  aleación de zinc  negra, malla  negra",0.0,5499.0,ARS,9141.0,02-10-2020,Argentina,Buenos Aires,Microwear,4.1,1002842391
179,Juegos y Juguetes,880665,Peluche Pokemon Varios Personajes Principales Pikachu 22cm,105675.0,1890.0,ARS,4561.0,02-06-2021,Argentina,Capital Federal,Pokemon,4.6,441571605
180,"Libros, Revistas y Comics",10874487,Habitos Atomicos - James Clear - Ed. Paidos,4920.0,2950.0,ARS,500.0,29-05-2019,Argentina,Capital Federal,Papel,4.9,49117916
181,"Música, Películas y Series",1219045,Bts Proof Compact Edition 3 Cd + Booklet Nuevo Importado,18931.0,7900.0,ARS,250.0,07-05-2022,Argentina,Capital Federal,3,4.8,201200841
182,Ropa y Accesorios,2168034,Zapatillas Jaguar Oficial Deportiva Art. # 918 Urbana Hombre Y Mujer,4792383.0,4174.0,ARS,13600.0,15-07-2019,Argentina,Buenos Aires,Cordones,4.2,278944476
183,Salud y Equipamiento Médico,208390,Kit Tensiometro Digital + Oximetro Dedo Y Termometro Digital,509163.0,6699.0,ARS,5000.0,01-10-2021,Argentina,Capital Federal,Manual,4.6,394109866
184,Servicios,20106,not found,0.0,0.0,not found,0.0,00-00-0000,Argentina,not found,not found,0.0,not found
185,"Souvenirs, Cotillón y Fiestas",337540,"Bolsa De 25 Globos Perlados 12 Fiesta, Decoración, Cumple",57949.0,780.0,ARS,5505.0,13-04-2021,Argentina,Buenos Aires,Latex,4.3,627469356
186,Otras categorías,463825,Sahumerios Satya Nag Champa - 12 Unidades,204201.0,2367.0,ARS,2042.0,22-04-2020,Argentina,Capital Federal,Satya,4.8,191914203
187,Accesorios para Vehículos,181,not found,0.0,0.0,not found,0.0,00-00-0000,Guatemala,not found,not found,0.0,not found
188,Agro,1,not found,0.0,0.0,not found,0.0,00-00-0000,Guatemala,not found,not found,0.0,not found
189,Arte y Antigüedades,77,not found,0.0,0.0,not found,0.0,00-00-0000,Guatemala,not found,not found,0.0,not found
190,"Autos, Motos y Otros",75,not found,0.0,0.0,not found,0.0,00-00-0000,Guatemala,not found,not found,0.0,not found
191,Cámaras Digitales y Foto.,130,not found,0.0,0.0,not found,0.0,00-00-0000,Guatemala,not found,not found,0.0,not found
192,Celulares y Teléfonos,511,not found,0.0,0.0,not found,0.0,00-00-0000,Guatemala,not found,not found,0.0,not found
193,Coleccionables y Hobbies,1,not found,0.0,0.0,not found,0.0,00-00-0000,Guatemala,not found,not found,0.0,not found
194,Computación,677,not found,0.0,0.0,not found,0.0,00-00-0000,Guatemala,not found,not found,0.0,not found
195,Consolas y Videojuegos,149,not found,0.0,0.0,not found,0.0,00-00-0000,Guatemala,not found,not found,0.0,not found
196,Deportes y Fitness,299,not found,0.0,0.0,not found,0.0,00-00-0000,Guatemala,not found,not found,0.0,not found
197,"Electrónica, Audio y Video",419,not found,0.0,0.0,not found,0.0,00-00-0000,Guatemala,not found,not found,0.0,not found
198,Hogar y Electrodomésticos,387,not found,0.0,0.0,not found,0.0,00-00-0000,Guatemala,not found,not found,0.0,not found
199,Indumentaria y Accesorios,74,not found,0.0,0.0,not found,0.0,00-00-0000,Guatemala,not found,not found,0.0,not found
200,Inmuebles,1781,not found,0.0,0.0,not found,0.0,00-00-0000,Guatemala,not found,not found,0.0,not found
201,Instrumentos Musicales,349,not found,0.0,0.0,not found,0.0,00-00-0000,Guatemala,not found,not found,0.0,not found
202,Joyas y Relojes,39,not found,0.0,0.0,not found,0.0,00-00-0000,Guatemala,not found,not found,0.0,not found
203,Juegos y Juguetes,764,not found,0.0,0.0,not found,0.0,00-00-0000,Guatemala,not found,not found,0.0,not found
204,"Libros, Revistas y Comics",23,not found,0.0,0.0,not found,0.0,00-00-0000,Guatemala,not found,not found,0.0,not found
205,Música y Películas,14,not found,0.0,0.0,not found,0.0,00-00-0000,Guatemala,not found,not found,0.0,not found
206,Servicios,1691,not found,0.0,0.0,not found,0.0,00-00-0000,Guatemala,not found,not found,0.0,not found
207,Otras categorías,496,not found,0.0,0.0,not found,0.0,00-00-0000,Guatemala,not found,not found,0.0,not found
208,Accesorios para Vehículos,92,not found,0.0,0.0,not found,0.0,00-00-0000,Bolivia,not found,not found,0.0,not found
209,Agro,7,not found,0.0,0.0,not found,0.0,00-00-0000,Bolivia,not found,not found,0.0,not found
210,Arte y Antigüedades,38,not found,0.0,0.0,not found,0.0,00-00-0000,Bolivia,not found,not found,0.0,not found
211,"Autos, Motos y Otros",341,not found,0.0,0.0,not found,0.0,00-00-0000,Bolivia,not found,not found,0.0,not found
212,Cámaras Digitales y Foto.,310,not found,0.0,0.0,not found,0.0,00-00-0000,Bolivia,not found,not found,0.0,not found
213,Celulares y Teléfonos,716,not found,0.0,0.0,not found,0.0,00-00-0000,Bolivia,not found,not found,0.0,not found
214,Coleccionables y Hobbies,1,not found,0.0,0.0,not found,0.0,00-00-0000,Bolivia,not found,not found,0.0,not found
215,Computación,1331,not found,0.0,0.0,not found,0.0,00-00-0000,Bolivia,not found,not found,0.0,not found
216,Consolas y Videojuegos,168,not found,0.0,0.0,not found,0.0,00-00-0000,Bolivia,not found,not found,0.0,not found
217,Deportes y Fitness,253,not found,0.0,0.0,not found,0.0,00-00-0000,Bolivia,not found,not found,0.0,not found
218,"Electrónica, Audio y Video",537,not found,0.0,0.0,not found,0.0,00-00-0000,Bolivia,not found,not found,0.0,not found
219,Hogar y Electrodomésticos,306,not found,0.0,0.0,not found,0.0,00-00-0000,Bolivia,not found,not found,0.0,not found
220,Indumentaria y Accesorios,31,not found,0.0,0.0,not found,0.0,00-00-0000,Bolivia,not found,not found,0.0,not found
221,Inmuebles,78,not found,0.0,0.0,not found,0.0,00-00-0000,Bolivia,not found,not found,0.0,not found
222,Instrumentos Musicales,421,not found,0.0,0.0,not found,0.0,00-00-0000,Bolivia,not found,not found,0.0,not found
223,Joyas y Relojes,14,not found,0.0,0.0,not found,0.0,00-00-0000,Bolivia,not found,not found,0.0,not found
224,Juegos y Juguetes,17,not found,0.0,0.0,not found,0.0,00-00-0000,Bolivia,not found,not found,0.0,not found
225,"Libros, Revistas y Comics",7,not found,0.0,0.0,not found,0.0,00-00-0000,Bolivia,not found,not found,0.0,not found
226,Música y Películas,4,not found,0.0,0.0,not found,0.0,00-00-0000,Bolivia,not found,not found,0.0,not found
227,Servicios,201,not found,0.0,0.0,not found,0.0,00-00-0000,Bolivia,not found,not found,0.0,not found
228,Otras categorías,367,not found,0.0,0.0,not found,0.0,00-00-0000,Bolivia,not found,not found,0.0,not found
229,Accesorios para Vehículos,20647,not found,0.0,0.0,not found,0.0,00-00-0000,Costa Rica,not found,not found,0.0,not found
230,Agro,63,not found,0.0,0.0,not found,0.0,00-00-0000,Costa Rica,not found,not found,0.0,not found
231,Animales y Mascotas,1456,not found,0.0,0.0,not found,0.0,00-00-0000,Costa Rica,not found,not found,0.0,not found
232,Arte y Antigüedades,1655,not found,0.0,0.0,not found,0.0,00-00-0000,Costa Rica,not found,not found,0.0,not found
233,"Autos, Motos y Otros",223,not found,0.0,0.0,not found,0.0,00-00-0000,Costa Rica,not found,not found,0.0,not found
234,Bebés,986,not found,0.0,0.0,not found,0.0,00-00-0000,Costa Rica,not found,not found,0.0,not found
235,Cámaras y Fotografía,1999,not found,0.0,0.0,not found,0.0,00-00-0000,Costa Rica,not found,not found,0.0,not found
236,Celulares y Teléfonos,7915,not found,0.0,0.0,not found,0.0,00-00-0000,Costa Rica,not found,not found,0.0,not found
237,Coleccionables y Hobbies,54,not found,0.0,0.0,not found,0.0,00-00-0000,Costa Rica,not found,not found,0.0,not found
238,Computación,13744,not found,0.0,0.0,not found,0.0,00-00-0000,Costa Rica,not found,not found,0.0,not found
239,Consolas y Videojuegos,1928,not found,0.0,0.0,not found,0.0,00-00-0000,Costa Rica,not found,not found,0.0,not found
240,Construcción,269,not found,0.0,0.0,not found,0.0,00-00-0000,Costa Rica,not found,not found,0.0,not found
241,Deportes y Fitness,3616,not found,0.0,0.0,not found,0.0,00-00-0000,Costa Rica,not found,not found,0.0,not found
242,Electrodomésticos,12087,not found,0.0,0.0,not found,0.0,00-00-0000,Costa Rica,not found,not found,0.0,not found
243,"Electrónica, Audio y Video",5581,not found,0.0,0.0,not found,0.0,00-00-0000,Costa Rica,not found,not found,0.0,not found
244,Herramientas,1628,not found,0.0,0.0,not found,0.0,00-00-0000,Costa Rica,not found,not found,0.0,not found
245,"Hogar, Muebles y Jardín",6991,not found,0.0,0.0,not found,0.0,00-00-0000,Costa Rica,not found,not found,0.0,not found
246,Industrias y Oficinas,1299,not found,0.0,0.0,not found,0.0,00-00-0000,Costa Rica,not found,not found,0.0,not found
247,Inmuebles,598,not found,0.0,0.0,not found,0.0,00-00-0000,Costa Rica,not found,not found,0.0,not found
248,Instrumentos Musicales,418,not found,0.0,0.0,not found,0.0,00-00-0000,Costa Rica,not found,not found,0.0,not found
249,Joyas y Relojes,2194,not found,0.0,0.0,not found,0.0,00-00-0000,Costa Rica,not found,not found,0.0,not found
250,Juegos y Juguetes,1921,not found,0.0,0.0,not found,0.0,00-00-0000,Costa Rica,not found,not found,0.0,not found
251,"Libros, Revistas y Comics",5212,not found,0.0,0.0,not found,0.0,00-00-0000,Costa Rica,not found,not found,0.0,not found
252,Música y Películas,302,not found,0.0,0.0,not found,0.0,00-00-0000,Costa Rica,not found,not found,0.0,not found
253,Ropa y Accesorios,2353,not found,0.0,0.0,not found,0.0,00-00-0000,Costa Rica,not found,not found,0.0,not found
254,Salud y Belleza,4179,not found,0.0,0.0,not found,0.0,00-00-0000,Costa Rica,not found,not found,0.0,not found
255,Servicios,268,not found,0.0,0.0,not found,0.0,00-00-0000,Costa Rica,not found,not found,0.0,not found
256,Otras categorías,5244,not found,0.0,0.0,not found,0.0,00-00-0000,Costa Rica,not found,not found,0.0,not found
257,Accesorios para Vehículos,3861331,not found,0.0,0.0,not found,0.0,00-00-0000,Venezuela,not found,not found,0.0,not found
258,Agro,11259,not found,0.0,0.0,not found,0.0,00-00-0000,Venezuela,not found,not found,0.0,not found
259,Alimentos y Bebidas,14275,not found,0.0,0.0,not found,0.0,00-00-0000,Venezuela,not found,not found,0.0,not found
260,Animales y Mascotas,30143,not found,0.0,0.0,not found,0.0,00-00-0000,Venezuela,not found,not found,0.0,not found
261,Antigüedades y Colecciones,24282,not found,0.0,0.0,not found,0.0,00-00-0000,Venezuela,not found,not found,0.0,not found
262,"Arte, Papelería y Mercería",90426,not found,0.0,0.0,not found,0.0,00-00-0000,Venezuela,not found,not found,0.0,not found
263,Bebés,52880,not found,0.0,0.0,not found,0.0,00-00-0000,Venezuela,not found,not found,0.0,not found
264,Cámaras y Accesorios,96106,not found,0.0,0.0,not found,0.0,00-00-0000,Venezuela,not found,not found,0.0,not found
265,"Carros, Motos y Otros",4693,not found,0.0,0.0,not found,0.0,00-00-0000,Venezuela,not found,not found,0.0,not found
266,Celulares y Teléfonos,232383,not found,0.0,0.0,not found,0.0,00-00-0000,Venezuela,not found,not found,0.0,not found
267,Computación,321079,not found,0.0,0.0,not found,0.0,00-00-0000,Venezuela,not found,not found,0.0,not found
268,Consolas y Videojuegos,25283,not found,0.0,0.0,not found,0.0,00-00-0000,Venezuela,not found,not found,0.0,not found
269,Construcción,299011,not found,0.0,0.0,not found,0.0,00-00-0000,Venezuela,not found,not found,0.0,not found
270,Deportes y Fitness,168549,not found,0.0,0.0,not found,0.0,00-00-0000,Venezuela,not found,not found,0.0,not found
271,Electrodomésticos,129952,not found,0.0,0.0,not found,0.0,00-00-0000,Venezuela,not found,not found,0.0,not found
272,"Electrónica, Audio y Video",164076,not found,0.0,0.0,not found,0.0,00-00-0000,Venezuela,not found,not found,0.0,not found
273,Estética y Belleza,157733,not found,0.0,0.0,not found,0.0,00-00-0000,Venezuela,not found,not found,0.0,not found
274,Herramientas,325822,not found,0.0,0.0,not found,0.0,00-00-0000,Venezuela,not found,not found,0.0,not found
275,Hogar y Muebles,452947,not found,0.0,0.0,not found,0.0,00-00-0000,Venezuela,not found,not found,0.0,not found
276,Industrias,177395,not found,0.0,0.0,not found,0.0,00-00-0000,Venezuela,not found,not found,0.0,not found
277,Inmuebles,219651,not found,0.0,0.0,not found,0.0,00-00-0000,Venezuela,not found,not found,0.0,not found
278,Instrumentos Musicales,36997,not found,0.0,0.0,not found,0.0,00-00-0000,Venezuela,not found,not found,0.0,not found
279,Juegos y Juguetes,148776,not found,0.0,0.0,not found,0.0,00-00-0000,Venezuela,not found,not found,0.0,not found
280,"Libros, Revistas y Comics",226404,not found,0.0,0.0,not found,0.0,00-00-0000,Venezuela,not found,not found,0.0,not found
281,"Música, Películas y Series",52384,not found,0.0,0.0,not found,0.0,00-00-0000,Venezuela,not found,not found,0.0,not found
282,"Recuerdos, Cotillón y Fiestas",47594,not found,0.0,0.0,not found,0.0,00-00-0000,Venezuela,not found,not found,0.0,not found
283,"Relojes, Joyas y Bisutería",40568,not found,0.0,0.0,not found,0.0,00-00-0000,Venezuela,not found,not found,0.0,not found
284,"Ropa, Zapatos y Accesorios",224448,not found,0.0,0.0,not found,0.0,00-00-0000,Venezuela,not found,not found,0.0,not found
285,Servicios,3763,not found,0.0,0.0,not found,0.0,00-00-0000,Venezuela,not found,not found,0.0,not found
286,Otras Categorías,147529,not found,0.0,0.0,not found,0.0,00-00-0000,Venezuela,not found,not found,0.0,not found
287,Accesorios para Vehículos,979,not found,0.0,0.0,not found,0.0,00-00-0000,Dominicana,not found,not found,0.0,not found
288,Agro,246,not found,0.0,0.0,not found,0.0,00-00-0000,Dominicana,not found,not found,0.0,not found
289,Arte y Antigüedades,208,not found,0.0,0.0,not found,0.0,00-00-0000,Dominicana,not found,not found,0.0,not found
290,Cámaras Digitales y Foto,247,not found,0.0,0.0,not found,0.0,00-00-0000,Dominicana,not found,not found,0.0,not found
291,"Carros, Motos y Otros",7509,not found,0.0,0.0,not found,0.0,00-00-0000,Dominicana,not found,not found,0.0,not found
292,Celulares y Teléfonos,660,not found,0.0,0.0,not found,0.0,00-00-0000,Dominicana,not found,not found,0.0,not found
293,Coleccionables y Hobbies,7,not found,0.0,0.0,not found,0.0,00-00-0000,Dominicana,not found,not found,0.0,not found
294,Computación,2018,not found,0.0,0.0,not found,0.0,00-00-0000,Dominicana,not found,not found,0.0,not found
295,Consolas y Videojuegos,1455,not found,0.0,0.0,not found,0.0,00-00-0000,Dominicana,not found,not found,0.0,not found
296,Deportes y Fitness,677,not found,0.0,0.0,not found,0.0,00-00-0000,Dominicana,not found,not found,0.0,not found
297,Electrónica Audio Video,1125,not found,0.0,0.0,not found,0.0,00-00-0000,Dominicana,not found,not found,0.0,not found
298,Hogar y Electrodomésticos,6486,not found,0.0,0.0,not found,0.0,00-00-0000,Dominicana,not found,not found,0.0,not found
299,Inmuebles,109752,not found,0.0,0.0,not found,0.0,00-00-0000,Dominicana,not found,not found,0.0,not found
300,Instrumentos Musicales,220,not found,0.0,0.0,not found,0.0,00-00-0000,Dominicana,not found,not found,0.0,not found
301,Juegos y Juguetes,118,not found,0.0,0.0,not found,0.0,00-00-0000,Dominicana,not found,not found,0.0,not found
302,"Libros, Revistas y Comics",169,not found,0.0,0.0,not found,0.0,00-00-0000,Dominicana,not found,not found,0.0,not found
303,Música y Películas,11,not found,0.0,0.0,not found,0.0,00-00-0000,Dominicana,not found,not found,0.0,not found
304,"Ropa, Relojes y Lentes",693,not found,0.0,0.0,not found,0.0,00-00-0000,Dominicana,not found,not found,0.0,not found
305,Servicios,6647,not found,0.0,0.0,not found,0.0,00-00-0000,Dominicana,not found,not found,0.0,not found
306,Otras categorías,3791,not found,0.0,0.0,not found,0.0,00-00-0000,Dominicana,not found,not found,0.0,not found
307,Accesorios para Vehículos,27,not found,0.0,0.0,not found,0.0,00-00-0000,Nicaragua,not found,not found,0.0,not found
308,Agro,2,not found,0.0,0.0,not found,0.0,00-00-0000,Nicaragua,not found,not found,0.0,not found
309,Arte y Antigüedades,19,not found,0.0,0.0,not found,0.0,00-00-0000,Nicaragua,not found,not found,0.0,not found
310,"Autos, Motos y Otros",19,not found,0.0,0.0,not found,0.0,00-00-0000,Nicaragua,not found,not found,0.0,not found
311,Cámaras Digitales y Foto.,18,not found,0.0,0.0,not found,0.0,00-00-0000,Nicaragua,not found,not found,0.0,not found
312,Celulares y Teléfonos,46,not found,0.0,0.0,not found,0.0,00-00-0000,Nicaragua,not found,not found,0.0,not found
313,Coleccionables y Hobbies,9,not found,0.0,0.0,not found,0.0,00-00-0000,Nicaragua,not found,not found,0.0,not found
314,Computación,132,not found,0.0,0.0,not found,0.0,00-00-0000,Nicaragua,not found,not found,0.0,not found
315,Consolas y Videojuegos,9,not found,0.0,0.0,not found,0.0,00-00-0000,Nicaragua,not found,not found,0.0,not found
316,Deportes y Fitness,60,not found,0.0,0.0,not found,0.0,00-00-0000,Nicaragua,not found,not found,0.0,not found
317,"Electrónica, Audio y Video",50,not found,0.0,0.0,not found,0.0,00-00-0000,Nicaragua,not found,not found,0.0,not found
318,Hogar y Electrodomésticos,36,not found,0.0,0.0,not found,0.0,00-00-0000,Nicaragua,not found,not found,0.0,not found
319,Indumentaria y Accesorios,20,not found,0.0,0.0,not found,0.0,00-00-0000,Nicaragua,not found,not found,0.0,not found
320,Inmuebles,43,not found,0.0,0.0,not found,0.0,00-00-0000,Nicaragua,not found,not found,0.0,not found
321,Instrumentos Musicales,76,not found,0.0,0.0,not found,0.0,00-00-0000,Nicaragua,not found,not found,0.0,not found
322,Joyas y Relojes,5,not found,0.0,0.0,not found,0.0,00-00-0000,Nicaragua,not found,not found,0.0,not found
323,Juegos y Juguetes,1,not found,0.0,0.0,not found,0.0,00-00-0000,Nicaragua,not found,not found,0.0,not found
324,"Libros, Revistas y Comics",3,not found,0.0,0.0,not found,0.0,00-00-0000,Nicaragua,not found,not found,0.0,not found
325,Música y Películas,2,not found,0.0,0.0,not found,0.0,00-00-0000,Nicaragua,not found,not found,0.0,not found
326,Servicios,96,not found,0.0,0.0,not found,0.0,00-00-0000,Nicaragua,not found,not found,0.0,not found
327,Otras categorías,77,not found,0.0,0.0,not found,0.0,00-00-0000,Nicaragua,not found,not found,0.0,not found
328,Accesorios para Vehículos,19794,not found,0.0,0.0,not found,0.0,00-00-0000,Panamá,not found,not found,0.0,not found
329,Agro,6,not found,0.0,0.0,not found,0.0,00-00-0000,Panamá,not found,not found,0.0,not found
330,Arte y Antigüedades,103,not found,0.0,0.0,not found,0.0,00-00-0000,Panamá,not found,not found,0.0,not found
331,Cámaras Digitales y Foto,15,not found,0.0,0.0,not found,0.0,00-00-0000,Panamá,not found,not found,0.0,not found
332,"Carros, Motos y Otros",238,not found,0.0,0.0,not found,0.0,00-00-0000,Panamá,not found,not found,0.0,not found
333,Celulares y Teléfonos,188,not found,0.0,0.0,not found,0.0,00-00-0000,Panamá,not found,not found,0.0,not found
334,Coleccionables y Hobbies,4,not found,0.0,0.0,not found,0.0,00-00-0000,Panamá,not found,not found,0.0,not found
335,Computación,267,not found,0.0,0.0,not found,0.0,00-00-0000,Panamá,not found,not found,0.0,not found
336,Consolas y Videojuegos,42,not found,0.0,0.0,not found,0.0,00-00-0000,Panamá,not found,not found,0.0,not found
337,Deportes y Fitness,50,not found,0.0,0.0,not found,0.0,00-00-0000,Panamá,not found,not found,0.0,not found
338,Electrónica Audio Video,107,not found,0.0,0.0,not found,0.0,00-00-0000,Panamá,not found,not found,0.0,not found
339,Hogar y Electrodomésticos,83,not found,0.0,0.0,not found,0.0,00-00-0000,Panamá,not found,not found,0.0,not found
340,Inmuebles,5276,not found,0.0,0.0,not found,0.0,00-00-0000,Panamá,not found,not found,0.0,not found
341,Instrumentos Musicales,55,not found,0.0,0.0,not found,0.0,00-00-0000,Panamá,not found,not found,0.0,not found
342,Juegos y Juguetes,16,not found,0.0,0.0,not found,0.0,00-00-0000,Panamá,not found,not found,0.0,not found
343,"Libros, Revistas y Comics",8,not found,0.0,0.0,not found,0.0,00-00-0000,Panamá,not found,not found,0.0,not found
344,Música y Películas,3,not found,0.0,0.0,not found,0.0,00-00-0000,Panamá,not found,not found,0.0,not found
345,"Ropa, Relojes y Lentes",66,not found,0.0,0.0,not found,0.0,00-00-0000,Panamá,not found,not found,0.0,not found
346,Servicios,814,not found,0.0,0.0,not found,0.0,00-00-0000,Panamá,not found,not found,0.0,not found
347,Otras categorías,520,not found,0.0,0.0,not found,0.0,00-00-0000,Panamá,not found,not found,0.0,not found
348,Accesorios para Vehículos,37,not found,0.0,0.0,not found,0.0,00-00-0000,Honduras,not found,not found,0.0,not found
349,Agro,4,not found,0.0,0.0,not found,0.0,00-00-0000,Honduras,not found,not found,0.0,not found
350,Arte y Antigüedades,14,not found,0.0,0.0,not found,0.0,00-00-0000,Honduras,not found,not found,0.0,not found
351,"Autos, Motos y Otros",10,not found,0.0,0.0,not found,0.0,00-00-0000,Honduras,not found,not found,0.0,not found
352,Cámaras Digitales y Foto.,77,not found,0.0,0.0,not found,0.0,00-00-0000,Honduras,not found,not found,0.0,not found
353,Celulares y Teléfonos,156,not found,0.0,0.0,not found,0.0,00-00-0000,Honduras,not found,not found,0.0,not found
354,Coleccionables y Hobbies,5,not found,0.0,0.0,not found,0.0,00-00-0000,Honduras,not found,not found,0.0,not found
355,Computación,226,not found,0.0,0.0,not found,0.0,00-00-0000,Honduras,not found,not found,0.0,not found
356,Consolas y Videojuegos,32,not found,0.0,0.0,not found,0.0,00-00-0000,Honduras,not found,not found,0.0,not found
357,Deportes y Fitness,85,not found,0.0,0.0,not found,0.0,00-00-0000,Honduras,not found,not found,0.0,not found
358,"Electrónica, Audio y Video",58,not found,0.0,0.0,not found,0.0,00-00-0000,Honduras,not found,not found,0.0,not found
359,Hogar y Electrodomésticos,42,not found,0.0,0.0,not found,0.0,00-00-0000,Honduras,not found,not found,0.0,not found
360,Indumentaria y Accesorios,4,not found,0.0,0.0,not found,0.0,00-00-0000,Honduras,not found,not found,0.0,not found
361,Inmuebles,6,not found,0.0,0.0,not found,0.0,00-00-0000,Honduras,not found,not found,0.0,not found
362,Instrumentos Musicales,119,not found,0.0,0.0,not found,0.0,00-00-0000,Honduras,not found,not found,0.0,not found
363,Joyas y Relojes,4,not found,0.0,0.0,not found,0.0,00-00-0000,Honduras,not found,not found,0.0,not found
364,Juegos y Juguetes,7,not found,0.0,0.0,not found,0.0,00-00-0000,Honduras,not found,not found,0.0,not found
365,"Libros, Revistas y Comics",4,not found,0.0,0.0,not found,0.0,00-00-0000,Honduras,not found,not found,0.0,not found
366,Música y Películas,1,not found,0.0,0.0,not found,0.0,00-00-0000,Honduras,not found,not found,0.0,not found
367,Servicios,89,not found,0.0,0.0,not found,0.0,00-00-0000,Honduras,not found,not found,0.0,not found
368,Otras categorías,82,not found,0.0,0.0,not found,0.0,00-00-0000,Honduras,not found,not found,0.0,not found
369,Accesorios para Vehículos,7930872,Kit Turbo Led H1 H3 H4 H7 H11 H13 9005 9006 880 12000lm/ R11,620647.0,5680.0,CLP,18500.0,03-10-2020,Chile,RM (Metropolitana),BETENSH luces turboled Ampolleta led Auto Headligh turboled Foco neblinero de VEHICULO  Faro delantero,4.2,494294258
370,Agro,7675,100 Arete Cabra Borrego Ganado Enumerado Láser Con Numero,925.0,20890.0,CLP,25.0,12-03-2022,Chile,RM (Metropolitana),Genérica,5.0,1019669474
371,Alimentos y Bebidas,49548,Café Nescafé® Tradición Tarro 400g,101770.0,10049.0,CLP,5000.0,19-06-2020,Chile,RM (Metropolitana),Nescafé,0.0,445649004
372,Animales y Mascotas,447826,100 Pañales Tipo Sabanillas Mascotas Perros 33x45 Cms,36471.0,9490.0,CLP,5000.0,06-12-2020,Chile,RM (Metropolitana),0,3.7,1505006
373,Antigüedades y Colecciones,116003,Argolla Para Llavero 24mm + Unión Con Cadena X 100 Unidades,47141.0,5250.0,CLP,500.0,27-06-2017,Chile,RM (Metropolitana),Minifiestas.cl,4.9,198674338
374,"Arte, Librería y Cordonería",692048,208 Piezas De Arte Para Niños Kit Set De Dibujo Portátil ,17673.0,11790.0,CLP,1000.0,04-03-2022,Chile,RM (Metropolitana),Xtech,4.4,711794822
375,"Autos, Motos y Otros",11986,not found,0.0,0.0,not found,0.0,00-00-0000,Chile,not found,not found,0.0,not found
376,Bebés,353633,Pañal Emubaby Premium Elige Talla Pack X 4 Paquetes,40623.0,13390.0,CLP,2500.0,28-09-2020,Chile,RM (Metropolitana),emubaby,4.8,102033291
377,Belleza y Cuidado Personal,788055,Guantes De Vinilo Caja 100 Unidades Desechable Tallas  M ,148211.0,3270.0,CLP,1755.0,31-03-2021,Chile,RM (Metropolitana),Guantes vinilo descartables,4.5,651964590
378,Cámaras y Accesorios,289445,Papel  Adhesivo Glossy 135 Grs A4 50 Hojas,50507.0,5690.0,CLP,5000.0,30-06-2017,Chile,RM (Metropolitana),Energy,4.8,262460748
379,Celulares y Telefonía,739023,Audífonos in-ear inalámbricos F9-5 negro,0.0,6510.0,CLP,44230.0,05-11-2020,Chile,RM (Metropolitana),Genérica,4.3,733822513
380,Computación,625157,Disco sólido SSD interno Kingston SA400S37/480G 480GB negro,0.0,44365.0,CLP,17491.0,28-05-2021,Chile,Valparaíso,Kingston,4.9,708261480
381,Consolas y Videojuegos,77949,Control joystick inalámbrico Monster games Double shock PS4 negro,0.0,20990.0,CLP,9474.0,02-03-2021,Chile,RM (Metropolitana),Monster games,4.4,538557915
382,Construcción,264687,2 X Cabezal Ducha Teléfono Mango Filtro Ahorro Agua Purific,14287.0,6590.0,CLP,500.0,18-06-2021,Chile,RM (Metropolitana),VENDITO,4.3,1505006
383,Deportes y Fitness,1073132,Set De Mancuernas 20kg Barra Armable Ajustable Pesas Discos,8909.0,31950.0,CLP,500.0,05-12-2021,Chile,RM (Metropolitana),Sí,4.8,540856515
384,Electrodomésticos,209856,Bomba Dispensador Usb Agua Electrónico Recargable Botellón ,66226.0,3990.0,CLP,5000.0,19-05-2021,Chile,RM (Metropolitana),automatic,4.6,671377593
385,"Electrónica, Audio y Video",430419,Audífonos in-ear inalámbricos F9-5 negro,0.0,6510.0,CLP,44230.0,05-11-2020,Chile,RM (Metropolitana),Genérica,4.3,733822513
386,Entradas para Eventos,239,not found,0.0,0.0,not found,0.0,00-00-0000,Chile,not found,not found,0.0,not found
387,Herramientas,858908,Pistola De Calor Aire Caliente 2000w,323707.0,7792.0,CLP,5000.0,22-12-2017,Chile,RM (Metropolitana),Azul oscuro,4.7,217238942
388,Hogar y Muebles,3160285,Cámara Ip Con Movimiento Infrarrojo Impermeable Wifi Full Hd,230655.0,29490.0,CLP,5000.0,03-02-2020,Chile,RM (Metropolitana),Inalámbrico,4.4,480520521
389,Industrias y Oficinas,227934,Mascarilla Desechable Certificada 3 Capas Caja 50 Unidades ,690784.0,2990.0,CLP,103475.0,28-09-2020,Chile,Maule,0,4.4,579075469
390,Inmuebles,217967,not found,0.0,0.0,not found,0.0,00-00-0000,Chile,not found,not found,0.0,not found
391,Instrumentos Musicales,200186,Melodica 37 Tonos. Roja,2353.0,16990.0,CLP,250.0,29-09-2021,Chile,RM (Metropolitana),GEN,4.5,809231755
392,Juegos y Juguetes,1249873,Album Cartas Pokemon 240 Uni Carpeta Pikachu Charizard Etc,37763.0,8392.0,CLP,1942.0,18-02-2022,Chile,Maule,Pokémon,4.6,258636227
393,"Libros, Revistas y Comics",3468287,Propuesta Final De Nueva Constitucion Politica De Chile 2022,4317.0,2730.0,CLP,500.0,21-07-2022,Chile,RM (Metropolitana),NOINCLUYE,0.0,705626509
394,Música y Películas,298900,Twice Album Formula Of Love Version A Eleccion Original,5180.0,54990.0,CLP,45.0,07-04-2022,Chile,RM (Metropolitana),0,4.3,1098487086
395,Relojes y Joyas,743244,Reloj Despertador Pantalla Led Fecha Temperatura Alarma,8173.0,6640.0,CLP,500.0,22-09-2021,Chile,RM (Metropolitana),Pantalla Led,4.4,757379515
396,Salud y Equipamiento Médico,168535,Wild Bar - 16 Unidades - Proteina,39418.0,15000.0,CLP,2100.0,19-01-2021,Chile,RM (Metropolitana),0,5.0,325923184
397,Servicios,3681,not found,0.0,0.0,not found,0.0,00-00-0000,Chile,not found,not found,0.0,not found
398,"Souvenirs, Cotillón y Fiestas",372294,Inflador De Globos Eléctrico 2 Inyectores,78942.0,10990.0,CLP,5000.0,15-11-2019,Chile,RM (Metropolitana),0,4.7,288549222
399,Vestuario y Calzado,2911778,Polera Hellfire Club Stranger Things Raglan Algodón Grafimax,11749.0,18990.0,CLP,675.0,16-07-2022,Chile,RM (Metropolitana),Grafimax,5.0,52678700
400,Otras Categorías,66882,Velas Lisas Esotéricas Pack 10un / Premierhouz,12370.0,2790.0,CLP,4403.0,22-06-2021,Chile,RM (Metropolitana),0,4.8,716971357
401,Accesorios para Vehículos,102662,Kit Foco Led Luz Canbus H4 Lupa Proyector Premium Alta Baja,1351.0,162.9,PEN,25.0,14-02-2022,Perú,Lima Metropolitana,IR100-,0.0,212937453
402,Agro,7010,not found,0.0,0.0,not found,0.0,00-00-0000,Perú,not found,not found,0.0,not found
403,Alimentos y Bebidas,13076,not found,0.0,0.0,not found,0.0,00-00-0000,Perú,not found,not found,0.0,not found
404,Animales y Mascotas,20078,"Kit Maquina De Cortar Pelo Mascotas,perros,gatos Recargable",2485.0,75.99,PEN,100.0,28-09-2021,Perú,Lima Metropolitana,1,5.0,274620813
405,Antigüedades y Colecciones,234288,Álbum Monedas Colección Riqueza Y Orgullo Y Fauna Silvestre,5766.0,9.5,PEN,50.0,23-09-2020,Perú,Lima Metropolitana,0,0.0,158905694
406,"Arte, Librería y Mercería",21399,Crayola Supertips 100 Plumones Lavables - Niños Y Jóvenes,5444.0,128.25,PEN,100.0,12-07-2021,Perú,Lima Metropolitana,Crayola,5.0,39657735
407,"Autos, Motos y Otros",966,not found,0.0,0.0,not found,0.0,00-00-0000,Perú,not found,not found,0.0,not found
408,Bebés,19433,Extractor Zimeitu Leche Materna Eléctrico Doble Bpa Free ,8857.0,189.99,PEN,100.0,22-07-2019,Perú,Lima Metropolitana,Zimeitu,5.0,150193899
409,Belleza y Cuidado Personal,64931,Biotin Biotina Cabello Barba,23187.0,55.0,PEN,500.0,29-08-2020,Perú,Lima Metropolitana,Nutricost,4.9,37004418
410,Cámaras y Accesorios,15709,Trípode 3120 Cámara Y Celular Hasta 1020mm Alto Alumino,6600.0,19.49,PEN,150.0,31-10-2020,Perú,Lima Metropolitana,Genérica,4.7,468096646
411,Celulares y Teléfonos,105128,Xiaomi Redmi Note 11 4gb-128gb Original - Tienda Oficial,55496.0,819.0,PEN,605.0,27-01-2022,Perú,Lima Metropolitana,Cargador,4.8,399620474
412,Computación,163599,Apple iPad Wi-fi 64 Gb (9ª Generación),26352.0,1499.0,PEN,300.0,14-10-2021,Perú,Lima Metropolitana,10 h,5.0,766642543
413,Consolas y Videojuegos,23608,Steam Silver Key | Juego Aleatorio - Entrega Inmediata,3268.0,2.0,PEN,500.0,05-08-2021,Perú,La Libertad,Steam,5.0,802866139
414,Construcción,33830,not found,0.0,0.0,not found,0.0,00-00-0000,Perú,not found,not found,0.0,not found
415,Deportes y Fitness,50964,Creabolic 1 Kilo Creatina Monohidratada+regalo Tienda Fisica,1718.0,169.0,PEN,100.0,14-03-2022,Perú,Lima Metropolitana,0,0.0,648484812
416,Electrodomésticos,19414,Jarra Cafetera Tipo Oster 12 Tazas,3644.0,58.5,PEN,50.0,14-09-2020,Perú,Lima Metropolitana,Oster,0.0,599620245
417,"Electrónica, Audio y Video",49569,Audífonos Bluetooth Inalámbrica F9 Táctil,19323.0,49.77,PEN,505.0,18-05-2021,Perú,Lima Metropolitana,F9,4.1,257367013
418,Herramientas,55624,Hidrolavadora Inalámbrica  De Auto De Alta Presión 24v,6440.0,255.0,PEN,50.0,11-03-2022,Perú,Lima Metropolitana,"Manguera,Cargador,Bateria",4.7,729667875
419,"Hogar, Muebles y Jardín",130694,Proyector Bluetooth Luces Led Control Parlante Nocturno,3202.0,89.17,PEN,50.0,11-12-2021,Perú,Lima Metropolitana,Plástico,0.0,257367013
420,Industrias y Oficinas,57141,Gaveta Dinero Caja Registradora Punto Venta 34x37x8cm Nuevo,19078.0,180.41,PEN,200.0,25-10-2017,Perú,Lima Metropolitana,2 llaves,4.8,109163302
421,Inmuebles,1796,not found,0.0,0.0,not found,0.0,00-00-0000,Perú,not found,not found,0.0,not found
422,Instrumentos Musicales,16931,Soporte Sujetador Brazo Flexible Anti Pop Micrófono Cp02,19872.0,69.0,PEN,500.0,14-03-2021,Perú,Lima Metropolitana,Trípode,4.7,77338600
423,Joyas y Relojes,42589,not found,0.0,0.0,not found,0.0,00-00-0000,Perú,not found,not found,0.0,not found
424,Juegos y Juguetes,108614,not found,0.0,0.0,not found,0.0,00-00-0000,Perú,not found,not found,0.0,not found
425,"Libros, Revistas y Comics",94958,El. Poder. Del. Metabolismo. Colección  5. Libros.  Nuevos ,473.0,155.0,PEN,5.0,24-01-2022,Perú,Lima Metropolitana,No,0.0,527868128
426,Música y Películas,46769,not found,0.0,0.0,not found,0.0,00-00-0000,Perú,not found,not found,0.0,not found
427,"Recuerdos, Cotillón y Fiestas",39433,not found,0.0,0.0,not found,0.0,00-00-0000,Perú,not found,not found,0.0,not found
428,Ropa y Accesorios,145864,Bombert Jacket De Hombre Chaquete De Hombre Combert,128109.0,90.25,PEN,322.0,05-07-2019,Perú,Lima Metropolitana,Bong Spec / Toopers,4.5,354354680
429,Salud y Equipamiento Médico,59151,Citrato De Magnesio Magnesium Citrate 240 Capsulas,13491.0,88.0,PEN,500.0,19-11-2020,Perú,Lima Metropolitana,0,4.7,37004418
430,Servicios,2346,not found,0.0,0.0,not found,0.0,00-00-0000,Perú,not found,not found,0.0,not found
431,Otras categorías,85583,Amazon Gift Card Desde 2$_ Código Digital Envio Rápido,4107.0,10.0,PEN,500.0,19-08-2020,Perú,Lima Metropolitana,Amazon USA,0.0,338688107
432,Accesorios para Vehículos,30520716,Kit De Faros Delanteros De 4 Lados H7 9005 Led Rayo Bajo,805263.0,130.26,MXN,20000.0,13-12-2019,Mexico,Estado De México,PHELENSEYE,4.2,499692964
433,Agro,17956,Soldadora inverter Bergën SB130 azul y negra 50Hz/60Hz 110V/220V,0.0,1599.0,MXN,7150.0,25-03-2021,Mexico,Estado De México,Bergën,4.5,92299108
434,Alimentos y Bebidas,304630,Zulka Azúcar Morena 900 Gr,122443.0,19.9,MXN,50000.0,10-04-2021,Mexico,Sinaloa,Zulka,0.0,684036673
435,Animales y Mascotas,705047,Alimento Nupec Nutrición Científica para perro adulto de raza  mediana y grande sabor mix en bolsa de 20kg,0.0,1489.0,MXN,93093.0,14-12-2017,Mexico,Estado De México,Grupo Nutec,4.9,688635735
436,Antigüedades y Colecciones,426666,Licuadora T-fal Power Mix LN2838MX 1.7 L negra con vaso de vidrio 127V,0.0,522.0,MXN,2083.0,05-04-2022,Mexico,Estado De México,T-fal,0.0,527927603
437,"Arte, Papelería y Mercería",856460,Marcadores Doble Punta Plumones Punta Pincel Iforu 48 Colors,614675.0,232.86,MXN,5000.0,22-01-2021,Mexico,Estado De México,Generic,4.8,535408944
438,"Autos, Motos y Otros",87639,not found,0.0,0.0,not found,0.0,00-00-0000,Mexico,not found,not found,0.0,not found
439,Bebés,402531,Almohada Para  Embarazo Y Lactancia Jumbo + Regalo Microgel,890420.0,434.0,MXN,9750.0,14-04-2019,Mexico,Estado De México,Microfibra siliconada de primera calidad o Microgel ( costo extra),4.3,158775189
440,Belleza y Cuidado Personal,1189539,Blister Pestañas Nagaraku Aplicacion Mink 1x1 1pz Una Medida,748764.0,109.0,MXN,66346.0,15-07-2020,Mexico,Distrito Federal,Nagaraku,4.6,238671534
441,Cámaras y Accesorios,498435,Lampara Aro De Luz Led De 10 Pulgadas Con Tripie Portatil,625850.0,286.9,MXN,5000.0,05-12-2020,Mexico,Distrito Federal,"SOPORTE CELULAR,TRIPIE PORTATIL DE 1.20M",4.6,454041265
442,Celulares y Telefonía,1493388,Audífonos in-ear inalámbricos F9-5 negro,0.0,154.0,MXN,794439.0,05-11-2020,Mexico,Jalisco,Genérica,4.5,1053077376
443,Computación,1631781,"Repetidor, Range extender Xiaomi Mi Wi-Fi Range Extender Pro R03 negro 100V/240V",0.0,299.0,MXN,183886.0,10-08-2018,Mexico,Distrito Federal,Xiaomi,4.6,337119560
444,Consolas y Videojuegos,290665,Tarjeta de memoria Kingston SDCS2SP  Canvas Select Plus con adaptador SD 128GB,0.0,299.0,MXN,21909.0,20-07-2020,Mexico,Distrito Federal,Kingston,4.9,683622308
445,Construcción,1061542,Bomba periférica Truper BOAP-1/2A2 0.5hp negra 60Hz 127V,0.0,595.0,MXN,25372.0,23-09-2020,Mexico,Estado De México,Truper,4.5,836372423
446,Deportes y Fitness,1995446,Suplemento en polvo Meta Nutrition  Creatine + creatina en sachet de 500g,0.0,526.0,MXN,55968.0,15-10-2021,Mexico,Sonora,Meta Nutrition,0.0,331551040
447,Electrodomésticos,482805,Bascula Digital Gramera Lcd De 3 Gramos A 10 Kilos Hard Work,189901.0,90.0,MXN,13600.0,04-04-2016,Mexico,Jalisco,Queen Sense,4.7,119786025
448,"Electrónica, Audio y Video",966676,Audífonos in-ear inalámbricos F9-5 negro,0.0,154.0,MXN,794439.0,05-11-2020,Mexico,Jalisco,Genérica,4.5,1053077376
449,Herramientas,1678956,Careta De Soldar Uso Industrial Soldadura Electronica Diseño,438531.0,298.0,MXN,12000.0,21-11-2019,Mexico,Estado De México,Adir/Tulplus,4.5,399621798
450,"Hogar, Muebles y Jardín",5997079,Sábanas Matrimoniales 2500 Hilos Tacto Suave Egipcio Premium,405010.0,269.55,MXN,8400.0,03-06-2021,Mexico,Estado De México,Onstore,4.5,762471204
451,Industrias y Oficinas,765495,Cubrebocas Kn95 Tapabocas 5 Capas Reutilizables Certificado ,884695.0,229.0,MXN,23505.0,01-03-2021,Mexico,Distrito Federal,Adultos,4.2,671689030
452,Inmuebles,445475,not found,0.0,0.0,not found,0.0,00-00-0000,Mexico,not found,not found,0.0,not found
453,Instrumentos Musicales,308582,Guitarra Acústica Curva Ocelotl Paquete Vital De Accesorios ,615218.0,1299.0,MXN,2700.0,18-08-2020,Mexico,Michoacán,No,4.5,252929612
454,Joyas y Relojes,1103887,Correa Acero Compatible Con Apple Watch Series 7 Se 6 5 4 3 ,64266.0,170.0,MXN,4208.0,14-09-2021,Mexico,Nuevo León,Acero inoxidable,4.7,87753744
455,Juegos y Juguetes,2711585,"Juguete Cactus Bailando 120 Canciones En Español, Recargable",111525.0,182.16,MXN,5000.0,19-10-2021,Mexico,Estado De México,Cactus,4.5,808072969
456,"Libros, Revistas y Comics",3242075,Juguemos A Leer / Manual De Ejercicios + Libro De Lectura,53341.0,139.99,MXN,500.0,19-01-2021,Mexico,Distrito Federal,Papel,4.9,701296601
457,"Música, Películas y Series",744136,Lightstick Bts Army Bomb V4 Bluetooth,48751.0,999.0,MXN,500.0,27-10-2021,Mexico,Oaxaca,731722774763,4.6,739800438
458,"Recuerdos, Cotillón y Fiestas",724382,Spiderman Heroes Expedition Hombre Araña Niños Cosplay Ropa,89461.0,379.0,MXN,2000.0,04-12-2021,Mexico,Estado De México,0,4.4,744110390
459,"Ropa, Bolsas y Calzado",5392575,Mochila De Gran Capacidad Con Cargador Usb,763734.0,288.58,MXN,11000.0,17-05-2021,Mexico,Estado De México,25 L,4.5,739390298
460,Salud y Equipamiento Médico,288938,Suplemento en polvo Meta Nutrition  Creatine + creatina en sachet de 500g,0.0,526.0,MXN,55968.0,15-10-2021,Mexico,Sonora,Meta Nutrition,0.0,331551040
461,Servicios,4240,not found,0.0,0.0,not found,0.0,00-00-0000,Mexico,not found,not found,0.0,not found
462,Otras Categorías,669636,Encendedor Eléctrico De Cocina Recargable Usb Arco Koovi,15407.0,142.4,MXN,1450.0,25-04-2022,Mexico,Distrito Federal,koovi basics,4.6,179341552
463,Accesorios para Vehículos,568460,Baterias Autos Bartl 90 Amp Garantía 12 Meses,180182.0,2449.0,UYU,500.0,21-02-2017,Uruguay,Montevideo,60 Ah,4.6,188721848
464,Agro,5941,Malla Antimaleza (ground Cover) - Carolina S.a,14406.0,2.5,USD,500.0,24-12-2018,Uruguay,Canelones,No,4.8,220908173
465,Alimentos y Bebidas,16491,Capsulas Starbucks Espresso X12 Capsulas Universo Binario,755.0,199.0,UYU,150.0,05-08-2021,Uruguay,Montevideo,Starbucks,0.0,83798950
466,Animales y Mascotas,70467,Alimento Lager Adulto Premium para perro adulto en bolsa de 25kg,0.0,1774.0,UYU,4666.0,25-01-2022,Uruguay,Montevideo,Agrofeed,4.7,204338386
467,Antigüedades y Colecciones,66700,Bandana De Konoha Aldea La Hoja Cinta Negra Naruto,39804.0,297.0,UYU,500.0,16-01-2021,Uruguay,Montevideo,0,4.8,22045787
468,"Arte, Librería y Mercería",56634,Crayola: Caja X100 Marcadores Delgados Lavables ,4281.0,1399.0,UYU,100.0,30-12-2020,Uruguay,Montevideo,Crayola,5.0,621900856
469,"Autos, Motos y Otros",26046,not found,0.0,0.0,not found,0.0,00-00-0000,Uruguay,not found,not found,0.0,not found
470,Bebés,70312,Alfombra Antigolpe 180x150 Tatami Colchoneta Infantil El Rey,136804.0,999.0,UYU,179.0,04-03-2019,Uruguay,Montevideo,by El Rey,4.8,83198226
471,Belleza y Cuidado Personal,111204,Secador de pelo Punktal PK-2200 violeta y negro 220V,0.0,997.0,UYU,2141.0,28-10-2021,Uruguay,Montevideo,Punktal,4.6,175850089
472,Cámaras y Accesorios,38098,Anillo Aro Luz Led Con Control + 3 Luces Tic Tok Youtube Tbx,56440.0,739.0,UYU,650.0,27-10-2020,Uruguay,Montevideo,0,4.6,75950568
473,Celulares y Telefonía,145148,Auriculares in-ear gamer inalámbricos Xiaomi Redmi Buds 3 Lite negro,0.0,32.0,USD,480.0,31-03-2022,Uruguay,Montevideo,Dongguan Yingsheng Electronic Technology,4.8,324306590
474,Computación,273462,Disco sólido interno Kingston SA400S37/240G 240GB negro,0.0,34.98,USD,1558.0,05-04-2022,Uruguay,Montevideo,Kingston,4.9,122912759
475,Consolas y Videojuegos,47285,Joystick Mando Control Ps4 Play 4 Inalambrico Alta Calidad ®,28611.0,1290.0,UYU,500.0,29-09-2020,Uruguay,Montevideo,TOPTECNOUY,4.6,77926620
476,Construcción,131266,Placa Revestimiento Pared Autoadhesiva 70x77cm - Ladrillo ®,91423.0,100.0,UYU,5500.0,29-03-2021,Uruguay,Montevideo,TOPTECNOUY,4.2,77926620
477,Deportes y Fitness,126967,Set 2 Mancuernas + Barra 3en1 + 20kg Disco Pesa Pvc - El Rey,28273.0,1599.0,UYU,625.0,06-07-2021,Uruguay,Montevideo,Nuevo,4.8,83198226
478,Electrodomésticos y Aires Ac.,71526,Aspiradora Punktal PK-8208 2L  roja y negra 220V,0.0,2470.0,UYU,1615.0,08-11-2021,Uruguay,Montevideo,Punktal,4.4,81670356
479,"Electrónica, Audio y Video",128635,Google Chromecast 3.ª generación Full HD carbón,0.0,49.0,USD,13430.0,27-01-2019,Uruguay,Montevideo,Google,4.8,81670356
480,Herramientas,140137,Taladro Inalambrico 12v + Atornillador + Accesorios Oferta!!,212459.0,1780.0,UYU,500.0,03-03-2020,Uruguay,Montevideo,Taladro/Destornillador,4.6,13859593
481,"Hogar, Muebles y Jardín",516675,Tendedero De Pie Plegable Acero 8 Mts Ropa Mor - Garageimpo,66228.0,946.0,UYU,750.0,03-04-2018,Uruguay,Montevideo,No,4.8,263255939
482,Industrias y Oficinas,53679,Kit Oficial Para Código Qr De Mercado Pago,18561.0,250.0,UYU,500.0,25-01-2022,Uruguay,Montevideo,No,4.1,1036587919
483,Inmuebles,245951,not found,0.0,0.0,not found,0.0,00-00-0000,Uruguay,not found,not found,0.0,not found
484,Instrumentos Musicales,38943,Guitarra Clasica Ideal Para Aprender! + Funda,68769.0,2429.0,UYU,435.0,06-08-2019,Uruguay,Montevideo,No,4.5,352172083
485,Joyas y Relojes,71949,Reloj Banda Digital Led Para Niños Con Diseños Varios - Otec,9246.0,400.0,UYU,158.0,24-12-2021,Uruguay,Montevideo,Genérica,4.2,163115426
486,Juegos y Juguetes,137902,Monopatín Tripatín Estampado C/ Luz Scooter Regulable El Rey,134049.0,1490.0,UYU,800.0,04-11-2017,Uruguay,Montevideo,Niños,4.6,83198226
487,"Libros, Revistas y Comics",1470135,Libro Cuento Animales Alegres Pack X12,13777.0,399.0,UYU,250.0,04-06-2019,Uruguay,Montevideo,Papel,4.5,181737933
488,Música y Películas,58820,Pasar Películas Vhs /vhs-c  A Pendrive  Desde $ 250,11837.0,350.0,UYU,100.0,13-01-2020,Uruguay,Montevideo,1,5.0,60441730
489,"Ropa, Calzados y Accesorios",217685,Remera Stranger Things Hellfire Club,7732.0,490.0,UYU,500.0,31-05-2022,Uruguay,Montevideo,Maldito Ramon,4.9,124773885
490,Salud y Equipamiento Médico,33460,Masajeador Electrico Like Cuerpo Espalda Cuello Shiatsu Dimm,86157.0,939.0,UYU,250.0,06-07-2020,Uruguay,Montevideo,"Cervical,Pies,Todo el cuerpo,cuello,cervicales",4.6,97669372
491,Servicios,5223,not found,0.0,0.0,not found,0.0,00-00-0000,Uruguay,not found,not found,0.0,not found
492,"Souvenirs, Cotillón y Fiestas",57923,Máquina Inflador 600w 2iny + Pack X100 Globos Regalo! El Rey,72690.0,990.0,UYU,500.0,24-04-2018,Uruguay,Montevideo,by El Rey,4.7,83198226
493,Otras categorías,50297,Mochila Termica Para Delivery,7743.0,1290.0,UYU,250.0,15-06-2021,Uruguay,Montevideo,Uber eats,4.8,762711355
